4194304	images/experimental/lk_a_patched_v18_lockfix.img
4194304	images/experimental/lk_b_patched_v18_lockfix_from_lka.img
67108864	images/stock_restore/boot_a.bin
67108864	images/stock_restore/boot_b.bin
4194304	images/stock_restore/lk_a.bin
4194304	images/stock_restore/lk_b.bin
8388608	images/stock_restore/seccfg.bin
8388608	images/stock_restore/vbmeta_a.bin
67108864	images/stock_restore/vendor_boot_a.bin
4194304	images/working/lk_a_current_readback.bin
4194304	images/working/lk_a_patched_v16_force_orange_allselectors_selinux_skiprestore.img
4194304	images/working/lk_b_patched_v16_force_orange_allselectors_selinux_skiprestore_from_lka.img
67108864	images/working/magisk_patched-30600_dlNzO.img
8388608	images/working/vbmeta_a_custom_v2.img
67108864	images/working/vendor_boot_a_noavb_fstab.bin
207502	scripts/avbtool.py
1704	scripts/custom_avb.pem
520	scripts/custom_avb_pub.bin
7421	scripts/patch_lk_v16_imgauth_allcopies_force_orange_allselectors_selinux_skiprestore.py
2774	scripts/patch_lk_v18_from_v16_lockfix.py
8039	scripts/patch_vendor_boot_strip_fstab_avb.py
6116	scripts/rebuild_vbmeta_from_stock.py
4631	scripts/rebuild_vendor_boot_noavb_magiskboot.sh
11134	scripts/reconstruct_expdb.py
104	scripts/verify_bundle.sh
